{
  "swagger" : "2.0",
  "info" : {
    "description" : "This is a sample server Petstore server.  You can find out more about     Swagger at [http://swagger.io](http://swagger.io) or on [irc.freenode.net, #swagger](http://swagger.io/irc/).      For this sample, you can use the api key `special-key` to test the authorization     filters.",
    "version" : "1.0.0",
    "title" : "Swagger Petstore",
    "termsOfService" : "http://swagger.io/terms/",
    "contact" : {
      "email" : "apiteam@swagger.io"
    },
    "license" : {
      "name" : "Apache 2.0",
      "url" : "http://www.apache.org/licenses/LICENSE-2.0.html"
    }
  },
  "host" : "petstore.swagger.io",
  "basePath" : "/v2",
  "tags" : [ {
    "name" : "user",
    "description" : "Operations about user",
    "externalDocs" : {
      "description" : "Find out more about our store",
      "url" : "http://swagger.io"
    }
  } ],
  "schemes" : [ "http" ],
  "paths" : {
    "/user" : {
      "get" : {
        "tags" : [ "user" ],
        "operationId" : "listUsers",
        "parameters" : [ {
          "name" : "pageToken",
          "in" : "query",
          "required" : false,
          "type" : "string"
        }, {
          "name" : "pageSize",
          "in" : "query",
          "required" : false,
          "type" : "integer"
        } ],
        "responses" : {
          "200" : {
            "description" : "ok",
            "schema" : {
              "$ref" : "#/definitions/ListUserResponse"
            }
          },
          "default" : {
            "description" : "successful operation"
          }
        },
        "x-contentType" : "application/json",
        "x-accepts" : "application/json"
      },
      "post" : {
        "tags" : [ "user" ],
        "summary" : "Create user",
        "description" : "This can only be done by the logged in user.",
        "operationId" : "createUser",
        "produces" : [ "application/xml", "application/json" ],
        "parameters" : [ {
          "in" : "body",
          "name" : "body",
          "description" : "Created user object",
          "required" : true,
          "schema" : {
            "$ref" : "#/definitions/User"
          }
        } ],
        "responses" : {
          "default" : {
            "description" : "successful operation"
          }
        },
        "x-contentType" : "application/json",
        "x-accepts" : "application/json"
      }
    },
    "/user/createWithArray" : {
      "post" : {
        "tags" : [ "user" ],
        "summary" : "Creates list of users with given input array",
        "description" : "",
        "operationId" : "createUsersWithArrayInput",
        "produces" : [ "application/xml", "application/json" ],
        "parameters" : [ {
          "in" : "body",
          "name" : "body",
          "description" : "List of user object",
          "required" : true,
          "schema" : {
            "type" : "array",
            "items" : {
              "$ref" : "#/definitions/User"
            }
          }
        } ],
        "responses" : {
          "default" : {
            "description" : "successful operation"
          }
        },
        "x-contentType" : "application/json",
        "x-accepts" : "application/json"
      }
    },
    "/user/createWithList" : {
      "post" : {
        "tags" : [ "user" ],
        "summary" : "Creates list of users with given input array",
        "description" : "",
        "operationId" : "createUsersWithListInput",
        "produces" : [ "application/xml", "application/json" ],
        "parameters" : [ {
          "in" : "body",
          "name" : "body",
          "description" : "List of user object",
          "required" : true,
          "schema" : {
            "type" : "array",
            "items" : {
              "$ref" : "#/definitions/User"
            }
          }
        } ],
        "responses" : {
          "default" : {
            "description" : "successful operation"
          }
        },
        "x-contentType" : "application/json",
        "x-accepts" : "application/json"
      }
    },
    "/user/login" : {
      "get" : {
        "tags" : [ "user" ],
        "summary" : "Logs user into the system",
        "description" : "",
        "operationId" : "loginUser",
        "produces" : [ "application/xml", "application/json" ],
        "parameters" : [ {
          "name" : "username",
          "in" : "query",
          "description" : "The user name for login",
          "required" : true,
          "type" : "string"
        }, {
          "name" : "password",
          "in" : "query",
          "description" : "The password for login in clear text",
          "required" : true,
          "type" : "string"
        } ],
        "responses" : {
          "200" : {
            "description" : "successful operation",
            "schema" : {
              "type" : "string"
            },
            "headers" : {
              "X-Rate-Limit" : {
                "type" : "integer",
                "format" : "int32",
                "description" : "calls per hour allowed by the user"
              },
              "X-Expires-After" : {
                "type" : "string",
                "format" : "date-time",
                "description" : "date in UTC when token expires"
              }
            }
          },
          "400" : {
            "description" : "Invalid username/password supplied"
          }
        },
        "x-contentType" : "application/json",
        "x-accepts" : "application/json"
      }
    },
    "/user/logout" : {
      "get" : {
        "tags" : [ "user" ],
        "summary" : "Logs out current logged in user session",
        "description" : "",
        "operationId" : "logoutUser",
        "produces" : [ "application/xml", "application/json" ],
        "parameters" : [ ],
        "responses" : {
          "default" : {
            "description" : "successful operation"
          }
        },
        "x-contentType" : "application/json",
        "x-accepts" : "application/json"
      }
    },
    "/user/{username}" : {
      "get" : {
        "tags" : [ "user" ],
        "summary" : "Get user by user name",
        "description" : "",
        "operationId" : "getUserByName",
        "produces" : [ "application/xml", "application/json" ],
        "parameters" : [ {
          "name" : "username",
          "in" : "path",
          "description" : "The name that needs to be fetched. Use user1 for testing. ",
          "required" : true,
          "type" : "string"
        } ],
        "responses" : {
          "200" : {
            "description" : "successful operation",
            "schema" : {
              "$ref" : "#/definitions/User"
            }
          },
          "400" : {
            "description" : "Invalid username supplied"
          },
          "404" : {
            "description" : "User not found"
          }
        },
        "x-contentType" : "application/json",
        "x-accepts" : "application/json"
      },
      "put" : {
        "tags" : [ "user" ],
        "summary" : "Updated user",
        "description" : "This can only be done by the logged in user.",
        "operationId" : "updateUser",
        "produces" : [ "application/xml", "application/json" ],
        "parameters" : [ {
          "name" : "username",
          "in" : "path",
          "description" : "name that need to be updated",
          "required" : true,
          "type" : "string"
        }, {
          "in" : "body",
          "name" : "body",
          "description" : "Updated user object",
          "required" : true,
          "schema" : {
            "$ref" : "#/definitions/User"
          }
        } ],
        "responses" : {
          "400" : {
            "description" : "Invalid user supplied"
          },
          "404" : {
            "description" : "User not found"
          }
        },
        "x-contentType" : "application/json",
        "x-accepts" : "application/json"
      },
      "delete" : {
        "tags" : [ "user" ],
        "summary" : "Delete user",
        "description" : "This can only be done by the logged in user.",
        "operationId" : "deleteUser",
        "produces" : [ "application/xml", "application/json" ],
        "parameters" : [ {
          "name" : "username",
          "in" : "path",
          "description" : "The name that needs to be deleted",
          "required" : true,
          "type" : "string"
        } ],
        "responses" : {
          "400" : {
            "description" : "Invalid username supplied"
          },
          "404" : {
            "description" : "User not found"
          }
        },
        "x-contentType" : "application/json",
        "x-accepts" : "application/json"
      }
    }
  },
  "definitions" : {
    "ListUserResponse" : {
      "type" : "object",
      "properties" : {
        "users" : {
          "type" : "array",
          "items" : {
            "$ref" : "#/definitions/User"
          }
        },
        "nextPageToken" : {
          "type" : "string"
        }
      }
    },
    "User" : {
      "type" : "object",
      "properties" : {
        "id" : {
          "type" : "integer",
          "format" : "int64"
        },
        "username" : {
          "type" : "string"
        },
        "firstName" : {
          "type" : "string"
        },
        "lastName" : {
          "type" : "string"
        },
        "email" : {
          "type" : "string"
        },
        "password" : {
          "type" : "string"
        },
        "phone" : {
          "type" : "string"
        },
        "userStatus" : {
          "type" : "integer",
          "format" : "int32",
          "description" : "User Status"
        }
      }
    }
  }
}